<?xml version="1.0" ?>
<!--
 Licensed to the Apache Software Foundation (ASF) under one or more
 contributor license agreements.  See the NOTICE file distributed with
 this work for additional information regarding copyright ownership.
 The ASF licenses this file to You under the Apache License, Version 2.0
 (the "License"); you may not use this file except in compliance with
 the License.  You may obtain a copy of the License at

     http://www.apache.org/licenses/LICENSE-2.0

 Unless required by applicable law or agreed to in writing, software
 distributed under the License is distributed on an "AS IS" BASIS,
 WITHOUT WARRANTIES OR CONDITIONS OF ANY KIND, either express or implied.
 See the License for the specific language governing permissions and
 limitations under the License.
-->

<schema name="example core zero" version="1.1">
  <types>
   <fieldtype name="string"  class="solr.schema.StrField" sortMissingLast="true" omitNorms="true"/>
   <fieldType name="long" class="solr.schema.TrieLongField" precisionStep="0" positionIncrementGap="0"/>
   <fieldType name="integer" class="solr.schema.TrieIntField" precisionStep="0" positionIncrementGap="0"/>
   <fieldType name="float" class="solr.schema.TrieFloatField" precisionStep="0" positionIncrementGap="0"/>
   <fieldType name="double" class="solr.schema.TrieDoubleField" precisionStep="0" positionIncrementGap="0"/>
  </types>

 <fields>   
  <!-- general -->
  <field name="id"        type="string"   indexed="true"  stored="true"  required="true"/>
  <field name="text"        type="string"   indexed="true"  stored="true"  />
  <field name="type"      type="string"   indexed="true"  stored="true"  /> 
  <field name="name"      type="string"   indexed="true"  stored="true"  /> 
  <field name="core0"     type="string"   indexed="true"  stored="true"  /> 
  <field name="_version_" type="long"     indexed="true"  stored="true"/>
  <dynamicField name="*_ms" type="string" indexed="true" stored="true" multiValued="true"/>
  <dynamicField name="*_mi" type="integer" indexed="true" stored="true" multiValued="true"/>
  <dynamicField name="*_ml" type="long" indexed="true" stored="true" multiValued="true"/>
  <dynamicField name="*_mf" type="float" indexed="true" stored="true" multiValued="true"/>
  <dynamicField name="*_md" type="double" indexed="true" stored="true" multiValued="true"/>

  <dynamicField name="*_s" type="string" indexed="true" stored="true" />
  <dynamicField name="*_i" type="integer" indexed="true" stored="true" />
  <dynamicField name="*_l" type="long" indexed="true" stored="true" />
  <dynamicField name="*_f" type="float" indexed="true" stored="true" />
  <dynamicField name="*_d" type="double" indexed="true" stored="true" />
 </fields>

 <!-- field to use to determine and enforce document uniqueness. -->
 <uniqueKey>id</uniqueKey>

 <!-- field for the QueryParser to use when an explicit fieldname is absent -->
 <defaultSearchField>name</defaultSearchField>

 <!-- SolrQueryParser configuration: defaultOperator="AND|OR" -->
 <solrQueryParser defaultOperator="OR"/>
</schema>

